,seed,r_tstart,r_tend,trial,match,stimulus,target,similarity,choice,rule,rule_seq_id,correct,n_categories,error,p_error,p_response,fail_shift
0,44,0.2,0.5,1,C,Y-SQ-ONE,1,0.9999999999999155,4,S,16,X,0,1,0,0,0
1,44,0.89,1.19,2,C,B-SQ-ONE,1,0.9999999999999429,2,S,16,X,0,1,1,0,0
2,44,1.72,2.02,3,SN,R-CR-TWO,2,0.9999999999999114,2,S,16,1,0,0,0,0,0
3,44,2.42,2.72,4,N,R-CR-THREE,2,0.9999999999999765,3,S,16,X,0,1,1,0,0
4,44,3.02,3.32,5,S,B-ST-ONE,4,0.9999999999999096,4,S,16,1,0,0,0,0,0
5,44,3.75,4.05,6,CS,Y-ST-ONE,4,0.9999999999998987,4,S,16,2,0,0,0,0,0
6,44,4.81,5.11,7,CS,B-CR-ONE,2,0.9999999999998974,2,S,16,3,0,0,0,0,0
