,seed,r_tstart,r_tend,trial,match,stimulus,target,similarity,choice,rule,rule_seq_id,correct,n_categories,error,p_error,p_response,fail_shift
0,36,0.2,0.5,1,C,Y-SQ-ONE,4,0.9999999999998855,4,C,4,1,0,0,0,0,0
1,36,1.05,1.35,2,C,B-SQ-ONE,2,0.999999999999909,2,C,4,2,0,0,0,0,0
2,36,2.29,2.59,3,C,R-CR-TWO,1,0.9999999999999003,1,C,4,3,0,0,0,0,0
3,36,7.49,7.79,4,C,R-CR-THREE,1,0.9999999999999098,1,C,4,4,0,0,0,0,0
4,36,8.29,8.59,5,C,B-ST-ONE,2,0.9999999999999056,2,C,4,5,0,0,0,0,0
5,36,9.28,9.58,6,CS,Y-ST-ONE,4,0.9999999999999089,4,C,4,6,0,0,0,0,0
6,36,10.02,10.32,7,CS,B-CR-ONE,2,0.99999999999991,2,C,4,7,0,0,0,0,0
7,36,11.42,11.72,8,C,R-TR-THREE,1,0.9999999999999003,1,C,4,8,0,0,0,0,0
8,36,12.55,12.85,9,C,Y-TR-THREE,4,0.9999999999998933,4,C,4,9,0,0,0,0,0
