,seed,r_tstart,r_tend,trial,match,stimulus,target,similarity,choice,rule,rule_seq_id,correct,n_categories,error,p_error,p_response,fail_shift
0,73,0.2,0.5,1,SN,Y-SQ-ONE,4,0.9999999999998855,1,C,5,X,0,1,0,0,0
1,73,0.8,1.1,2,SN,B-SQ-ONE,2,0.9999999999999638,1,C,5,X,0,1,1,0,0
2,73,1.77,2.07,3,C,R-CR-TWO,1,0.9999999999999555,1,C,5,1,0,0,0,0,0
3,73,2.63,2.93,4,C,R-CR-THREE,1,0.9999999999999338,1,C,5,2,0,0,0,0,0
4,73,3.33,3.63,5,C,B-ST-ONE,2,0.9999999999999074,2,C,5,3,0,0,0,0,0
5,73,5.2,5.5,6,CS,Y-ST-ONE,4,0.9999999999998829,4,C,5,4,0,0,0,0,0
6,73,6.23,6.53,7,CS,B-CR-ONE,2,0.9999999999999057,2,C,5,5,0,0,0,0,0
7,73,7.08,7.38,8,C,R-TR-THREE,1,0.9999999999999218,1,C,5,6,0,0,0,0,0
