,seed,r_tstart,r_tend,trial,match,stimulus,target,similarity,choice,rule,rule_seq_id,correct,n_categories,error,p_error,p_response,fail_shift
0,3,0.2,0.5,1,C,Y-SQ-ONE,1,0.9999999999999885,4,S,21,X,0,1,0,0,0
1,3,0.8,1.1,2,SN,B-SQ-ONE,1,0.9999999999999338,1,S,21,1,0,0,0,0,0
2,3,1.54,1.84,3,SN,R-CR-TWO,2,0.999999999999916,2,S,21,2,0,0,0,0,0
3,3,2.36,2.66,4,N,R-CR-THREE,2,0.9999999999999984,3,S,21,X,0,1,1,0,0
4,3,2.96,3.26,5,N,B-ST-ONE,4,0.9946281901094916,1,S,21,X,0,1,1,0,0
5,3,3.64,3.94,6,CS,Y-ST-ONE,4,0.9999999999999144,4,S,21,1,0,0,0,0,0
6,3,4.96,5.26,7,CS,B-CR-ONE,2,0.9999999999999062,2,S,21,2,0,0,0,0,0
7,3,5.63,5.93,8,C,R-TR-THREE,3,0.9999999999999943,1,S,21,X,0,1,1,0,0
