,seed,r_tstart,r_tend,trial,match,stimulus,target,similarity,choice,rule,rule_seq_id,correct,n_categories,error,p_error,p_response,fail_shift
0,0,0.2,0.5,1,SN,Y-SQ-ONE,1,0.9999999999998866,1,S,16,1,0,0,0,0,0
1,0,0.99,1.29,2,C,B-SQ-ONE,1,0.9999999999999442,2,S,16,X,0,1,0,0,0
2,0,1.59,1.89,3,SN,R-CR-TWO,2,0.9999999999999285,2,S,16,1,0,0,0,0,0
3,0,2.47,2.77,4,S,R-CR-THREE,2,0.9999999999999037,2,S,16,2,0,0,0,0,0
4,0,3.72,4.02,5,N,B-ST-ONE,4,0.9999999999999367,1,S,16,X,0,1,0,0,0
5,0,45.72,46.02,6,CS,Y-ST-ONE,4,0.9999999999998982,4,S,16,1,0,0,0,0,0
6,0,46.41,46.71,7,CS,B-CR-ONE,2,0.9999999999999162,2,S,16,2,0,0,0,0,0
7,0,55.73,56.03,8,,R-TR-THREE,3,0.9999999999999037,2,S,16,X,0,1,0,0,0
