,seed,r_tstart,r_tend,trial,match,stimulus,target,similarity,choice,rule,rule_seq_id,correct,n_categories,error,p_error,p_response,fail_shift
0,53,0.2,0.5,1,SN,Y-SQ-ONE,1,0.9999999999998908,1,N,11,1,0,0,0,0,0
1,53,1.28,1.58,2,C,B-SQ-ONE,1,0.9999999999999164,2,N,11,X,0,1,0,0,0
2,53,1.92,2.22,3,SN,R-CR-TWO,2,0.999999999999917,2,N,11,1,0,0,0,0,0
3,53,2.72,3.02,4,N,R-CR-THREE,3,0.9999999999998942,3,N,11,2,0,0,0,0,0
4,53,3.48,3.78,5,N,B-ST-ONE,1,0.9999999999998908,1,N,11,3,0,0,0,0,0
5,53,4.17,4.47,6,N,Y-ST-ONE,1,0.9999999999998973,1,N,11,4,0,0,0,0,0
6,53,5.03,5.33,7,N,B-CR-ONE,1,0.9999999999998858,1,N,11,5,0,0,0,0,0
7,53,5.67,5.97,8,SN,R-TR-THREE,3,0.9999999999998953,3,N,11,6,0,0,0,0,0
8,53,6.46,6.76,9,SN,Y-TR-THREE,3,0.9999999999999154,3,N,11,7,0,0,0,0,0
