,seed,r_tstart,r_tend,trial,match,stimulus,target,similarity,choice,rule,rule_seq_id,correct,n_categories,error,p_error,p_response,fail_shift
0,81,0.2,0.5,1,SN,Y-SQ-ONE,1,0.9999999999998967,1,N,14,1,0,0,0,0,0
1,81,0.93,1.23,2,SN,B-SQ-ONE,1,0.9999999999999098,1,N,14,2,0,0,0,0,0
2,81,1.82,2.12,3,SN,R-CR-TWO,2,0.9999999999999386,2,N,14,3,0,0,0,0,0
3,81,2.5,2.8,4,S,R-CR-THREE,3,0.9999999999999853,2,N,14,X,0,1,1,0,0
4,81,3.1,3.4,5,C,B-ST-ONE,1,0.999999999999964,2,N,14,X,0,1,0,0,0
5,81,16.82,17.12,6,,Y-ST-ONE,1,0.9999999999999214,3,N,14,X,0,1,0,0,0
6,81,34.16,34.46,7,,B-CR-ONE,1,0.9999999999998825,3,N,14,X,0,1,0,0,0
7,81,50.62,50.92,8,SN,R-TR-THREE,3,0.9999999999999075,3,N,14,1,0,0,0,0,0
8,81,83.45,83.75,9,SN,Y-TR-THREE,3,0.9999999999999075,3,N,14,2,0,0,0,0,0
