,seed,r_tstart,r_tend,trial,match,stimulus,target,similarity,choice,rule,rule_seq_id,correct,n_categories,error,p_error,p_response,fail_shift
0,14,0.2,0.5,1,SN,Y-SQ-ONE,1,0.9999999999999072,1,S,21,1,0,0,0,0,0
1,14,47.04,47.34,2,C,B-SQ-ONE,1,0.9999999999999033,2,S,21,X,0,1,0,0,0
2,14,57.67,57.97,3,SN,R-CR-TWO,2,0.999999999999907,2,S,21,1,0,0,0,0,0
3,14,86.42,86.72,4,N,R-CR-THREE,2,0.9999999999998932,3,S,21,X,0,1,1,0,0
4,14,88.14,88.44,5,,B-ST-ONE,4,0.9999999999999102,3,S,21,X,0,1,0,0,0
5,14,88.74,89.04,6,,Y-ST-ONE,4,0.9978417630995048,2,S,21,X,0,1,0,0,0
6,14,94.15,94.45,7,CS,B-CR-ONE,2,0.9999999999999033,2,S,21,1,0,0,0,0,0
