,seed,r_tstart,r_tend,trial,match,stimulus,target,similarity,choice,rule,rule_seq_id,correct,n_categories,error,p_error,p_response,fail_shift
0,27,0.2,0.5,1,SN,Y-SQ-ONE,1,0.9999999999998925,1,S,22,1,0,0,0,0,0
1,27,2.16,2.46,2,C,B-SQ-ONE,1,0.999999999999978,2,S,22,X,0,1,0,0,0
2,27,71.85,72.15,3,SN,R-CR-TWO,2,0.9999999999999468,2,S,22,1,0,0,0,0,0
3,27,81.91,82.21,4,S,R-CR-THREE,2,0.9999999999999215,2,S,22,2,0,0,0,0,0
4,27,87.57,87.87,5,C,B-ST-ONE,4,0.9999999999998974,2,S,22,X,0,1,0,0,0
5,27,96.46,96.76,6,,Y-ST-ONE,4,0.9999999999999121,2,S,22,X,0,1,0,0,0
