,seed,r_tstart,r_tend,trial,match,stimulus,target,similarity,choice,rule,rule_seq_id,correct,n_categories,error,p_error,p_response,fail_shift
0,83,0.2,0.5,1,SN,Y-SQ-ONE,1,0.9999999999999027,1,S,22,1,0,0,0,0,0
1,83,16.39,16.69,2,,B-SQ-ONE,1,0.9999999999999003,4,S,22,X,0,1,0,0,0
2,83,21.19,21.49,3,,R-CR-TWO,2,0.9999999999999204,4,S,22,X,0,1,0,0,0
3,83,24.19,24.49,4,,R-CR-THREE,2,0.9999999999999044,4,S,22,X,0,1,0,0,0
4,83,37.62,37.92,5,S,B-ST-ONE,4,0.9999999999999044,4,S,22,1,0,0,0,0,0
5,83,69.33,69.63,6,CS,Y-ST-ONE,4,0.9999999999999044,4,S,22,2,0,0,0,0,0
6,83,76.2,76.5,7,,B-CR-ONE,2,0.9999999999999044,4,S,22,X,0,1,0,0,0
7,83,77.16,77.46,8,,R-TR-THREE,3,0.9999999999999709,4,S,22,X,0,1,0,0,0
8,83,88.57,88.87,9,C,Y-TR-THREE,3,0.9999999999999368,4,S,22,X,0,1,0,0,0
