,seed,r_tstart,r_tend,trial,match,stimulus,target,similarity,choice,rule,rule_seq_id,correct,n_categories,error,p_error,p_response,fail_shift
0,32,0.2,0.5,1,SN,Y-SQ-ONE,1,0.9999999999999155,1,N,11,1,0,0,0,0,0
1,32,1.65,1.95,2,SN,B-SQ-ONE,1,0.999999999999897,1,N,11,2,0,0,0,0,0
2,32,3.18,3.48,3,SN,R-CR-TWO,2,0.9999999999999124,2,N,11,3,0,0,0,0,0
3,32,4.17,4.47,4,S,R-CR-THREE,3,0.9999999999999702,2,N,11,X,0,1,1,0,0
4,32,4.77,5.07,5,S,B-ST-ONE,1,0.9999999999999732,4,N,11,X,0,1,1,0,0
5,32,5.45,5.75,6,N,Y-ST-ONE,1,0.9999999999999529,1,N,11,1,0,0,0,0,0
6,32,6.05,6.35,7,N,B-CR-ONE,1,0.9999999999999104,1,N,11,2,0,0,0,0,0
