,seed,r_tstart,r_tend,trial,match,stimulus,target,similarity,choice,rule,rule_seq_id,correct,n_categories,error,p_error,p_response,fail_shift
0,93,0.2,0.5,1,SN,Y-SQ-ONE,1,0.9999999999999042,1,S,23,1,0,0,0,0,0
1,93,0.99,1.29,2,SN,B-SQ-ONE,1,0.9999999999999075,1,S,23,2,0,0,0,0,0
2,93,1.7,2.0,3,SN,R-CR-TWO,2,0.9999999999999123,2,S,23,3,0,0,0,0,0
3,93,2.46,2.76,4,N,R-CR-THREE,2,0.9999999999999608,3,S,23,X,0,1,1,0,0
4,93,3.06,3.36,5,S,B-ST-ONE,4,0.9999999999999098,4,S,23,1,0,0,0,0,0
5,93,3.74,4.04,6,CS,Y-ST-ONE,4,0.9999999999999206,4,S,23,2,0,0,0,0,0
6,93,4.41,4.71,7,CS,B-CR-ONE,2,0.9999999999999054,2,S,23,3,0,0,0,0,0
