,seed,r_tstart,r_tend,trial,match,stimulus,target,similarity,choice,rule,rule_seq_id,correct,n_categories,error,p_error,p_response,fail_shift
0,6,0.2,0.5,1,SN,Y-SQ-ONE,1,0.9999999999998926,1,N,13,1,0,0,0,0,0
1,6,15.95,16.25,2,SN,B-SQ-ONE,1,0.999999999999919,1,N,13,2,0,0,0,0,0
2,6,45.63,45.93,3,C,R-CR-TWO,2,0.9999999999999037,1,N,13,X,0,1,0,0,0
3,6,49.71,50.01,4,,R-CR-THREE,3,0.9999999999998995,4,N,13,X,0,1,0,0,0
4,6,52.58,52.88,5,S,B-ST-ONE,1,0.9999999999998992,4,N,13,X,0,1,0,0,0
5,6,74.28,74.58,6,N,Y-ST-ONE,1,0.9999999999999037,1,N,13,1,0,0,0,0,0
6,6,81.26,81.56,7,,B-CR-ONE,1,0.9999999999998851,4,N,13,X,0,1,0,0,0
7,6,83.5,83.8,8,C,R-TR-THREE,3,0.9999999999999003,1,N,13,X,0,1,0,0,0
8,6,86.65,86.95,9,,Y-TR-THREE,3,0.9999999999999132,1,N,13,X,0,1,0,0,0
